{
	"output_file": "settings.json",
	"EnableDebug": {
		"type": "checkbox",
		"value": false,
		"label": "Enable Debug",
		"tooltip": "Enable or disable debug logs",
		"group": ""
	},
	"CommandName": {
		"type": "textbox",
		"value": "!webhookdiscord",
		"label": "Command Name",
		"tooltip": "Set the string to activate the script.",
		"group": ""
	},
	"WebhookUrl": {
		"type": "textbox",
		"value": "https://discordapp.com/api/webhooks/YOURWEBHOOK",
		"label": "Discord Webhook Url",
		"tooltip": "Create a webhook on your discord server (Server Settings -> Webhooks) then copy the url into this text box.",
		"group": ""
	},
	"PostFormat": {
		"type": "textbox",
		"value": "{\"username\":\"EncryptedThoughts\",\"avatar_url\":\"https://imgur.com/a/JV04tSO\",\"content\":\"Text message. Up to 2000 characters.\",\"embeds\":[{\"author\":{\"name\":\"Encrypted\",\"url\":\"https://www.reddit.com/r/cats/\",\"icon_url\":\"https://i.imgur.com/R66g1Pe.jpg\"},\"title\":\"Title\",\"url\":\"https://google.com/\",\"description\":\"Text message. You can use Markdown here. *Italic* **bold** __underline__ ~~strikeout~~ [hyperlink](https://google.com) `code`\",\"color\":15258703,\"fields\":[{\"name\":\"Text\",\"value\":\"More text\",\"inline\":true},{\"name\":\"Even more text\",\"value\":\"Yup\",\"inline\":true},{\"name\":\"Use `\\\"inline\\\": true` parameter, if you want to display fields in the same line.\",\"value\":\"okay...\"},{\"name\":\"Thanks!\",\"value\":\"You're welcome :wink:\"}],\"thumbnail\":{\"url\":\"https://upload.wikimedia.org/wikipedia/commons/3/38/4-Nature-Wallpapers-2014-1_ukaavUI.jpg\"},\"image\":{\"url\":\"https://upload.wikimedia.org/wikipedia/commons/5/5a/A_picture_from_China_every_day_108.jpg\"},\"footer\":{\"text\":\"Woah! So cool! :smirk:\",\"icon_url\":\"https://i.imgur.com/fKL31aD.jpg\"}}]}",
		"label": "Post Format",
		"tooltip": "Modify the json format if you so desire. ",
		"group": "Advanced - Format Options"
	},
	"OpenJson": {
		"type": "button",
		"label": "Open Json in Formatter",
		"tooltip": "Opens json on codebeautify.org to help with editing. Minify and paste back into above textbox when done editing.",
		"wsevent": "",
		"function": "openjson",
		"group": "Advanced - Format Options"
	},
	"btnreadme": {
		"type": "button",
		"label": "open readme",
		"tooltip": "read this!",
		"wsevent": "",
		"function": "openreadme",
		"group": ""
	}
}